{"accuracy": [0.37400001287460327, 0.4740000069141388, 0.5860000252723694, 0.6299999952316284, 0.699999988079071, 0.7799999713897705, 0.8740000128746033, 0.9319999814033508, 0.9079999923706055, 0.9440000057220459], "loss": [1.0822218656539917, 1.0210442543029785, 0.9389458894729614, 0.8107569813728333, 0.7224317789077759, 0.5865311622619629, 0.43531274795532227, 0.3022405207157135, 0.31471019983291626, 0.22273142635822296], "val_accuracy": [0.4000000059604645, 0.49000000953674316, 0.5600000023841858, 0.550000011920929, 0.6100000143051147, 0.6499999761581421, 0.6499999761581421, 0.6600000262260437, 0.6499999761581421, 0.5600000023841858], "val_loss": [1.060118317604065, 1.0006734132766724, 0.9254055619239807, 0.8861172199249268, 0.8326058983802795, 0.7601245641708374, 0.7404994368553162, 0.8322768211364746, 0.7915621995925903, 1.1396853923797607]}