{"accuracy": [0.3540000021457672, 0.5220000147819519, 0.5699999928474426, 0.6700000166893005, 0.7300000190734863, 0.8539999723434448, 0.8799999952316284, 0.9399999976158142, 0.9599999785423279, 0.9819999933242798, 0.9900000095367432, 0.9940000176429749, 0.921999990940094, 0.9919999837875366, 0.9980000257492065, 0.9980000257492065, 0.9980000257492065, 0.9980000257492065, 1.0, 1.0], "loss": [1.0880131721496582, 1.0346086025238037, 0.9438869953155518, 0.8416489362716675, 0.7008617520332336, 0.5020630955696106, 0.397067666053772, 0.25707489252090454, 0.1849789321422577, 0.12416267395019531, 0.08212976157665253, 0.05271041765809059, 0.29727575182914734, 0.06848182529211044, 0.04966520518064499, 0.036183908581733704, 0.027939779683947563, 0.021173156797885895, 0.01759919710457325, 0.014421429485082626], "val_accuracy": [0.46000000834465027, 0.5199999809265137, 0.5899999737739563, 0.6100000143051147, 0.6100000143051147, 0.6600000262260437, 0.699999988079071, 0.7099999785423279, 0.7200000286102295, 0.7400000095367432, 0.7799999713897705, 0.3799999952316284, 0.7699999809265137, 0.7200000286102295, 0.7200000286102295, 0.75, 0.7599999904632568, 0.7900000214576721, 0.7900000214576721, 0.7900000214576721], "val_loss": [1.066439151763916, 1.0171420574188232, 0.9429086446762085, 0.8768443465232849, 0.8099202513694763, 0.7238867282867432, 0.7092170715332031, 0.6685861945152283, 0.6635937690734863, 0.6519845724105835, 0.6812055706977844, 2.5400161743164062, 0.7556917667388916, 0.7428174614906311, 0.7239863872528076, 0.7020590901374817, 0.6942907571792603, 0.6852318644523621, 0.712230920791626, 0.7277370691299438]}