{"accuracy": [0.3400000035762787, 0.5220000147819519, 0.5479999780654907, 0.6159999966621399, 0.6759999990463257], "loss": [1.0859992504119873, 1.0430468320846558, 0.9622102379798889, 0.8464505672454834, 0.7237682938575745], "val_accuracy": [0.44999998807907104, 0.49000000953674316, 0.6000000238418579, 0.5899999737739563, 0.6399999856948853], "val_loss": [1.0670619010925293, 1.028098464012146, 0.945334792137146, 0.8799305558204651, 0.8321102857589722]}