{"accuracy": [0.35600000619888306, 0.46000000834465027, 0.5540000200271606, 0.6340000033378601, 0.7459999918937683], "loss": [1.0892207622528076, 1.0316388607025146, 0.9237560033798218, 0.8187127709388733, 0.677632212638855], "val_accuracy": [0.4000000059604645, 0.47999998927116394, 0.550000011920929, 0.5799999833106995, 0.6700000166893005], "val_loss": [1.065521240234375, 1.008189082145691, 0.9423479437828064, 0.880445122718811, 0.7734065055847168]}