{"accuracy": [0.4059999883174896, 0.5059999823570251, 0.6159999966621399, 0.6340000033378601, 0.7099999785423279, 0.722000002861023, 0.8399999737739563, 0.8740000128746033, 0.9359999895095825, 0.9700000286102295], "loss": [1.0808777809143066, 1.0115569829940796, 0.8940637707710266, 0.8001860976219177, 0.6476203799247742, 0.5989192724227905, 0.47520726919174194, 0.3818105161190033, 0.266899973154068, 0.16519474983215332], "val_accuracy": [0.3799999952316284, 0.5600000023841858, 0.5600000023841858, 0.6100000143051147, 0.6399999856948853, 0.6499999761581421, 0.6399999856948853, 0.6600000262260437, 0.7400000095367432, 0.7699999809265137], "val_loss": [1.0576645135879517, 0.9705406427383423, 0.8997249007225037, 0.8307618498802185, 0.7500143647193909, 0.7790539264678955, 0.802491307258606, 0.8432599902153015, 0.7466383576393127, 0.7748466730117798]}