{"accuracy": [0.4059999883174896, 0.4300000071525574, 0.6100000143051147, 0.6259999871253967, 0.722000002861023, 0.8180000185966492, 0.9039999842643738, 0.9660000205039978, 0.9800000190734863, 0.9879999756813049, 0.9980000257492065, 0.9980000257492065, 0.9980000257492065, 0.9980000257492065, 1.0, 0.9980000257492065, 1.0, 1.0, 1.0, 1.0], "loss": [1.0790296792984009, 1.0392848253250122, 0.9268250465393066, 0.8074857592582703, 0.6585589647293091, 0.52126145362854, 0.3529736399650574, 0.19344277679920197, 0.12643387913703918, 0.0758848562836647, 0.052403755486011505, 0.03228515759110451, 0.025399768725037575, 0.021910300478339195, 0.016609370708465576, 0.014366176910698414, 0.010857776738703251, 0.010141490958631039, 0.008800406008958817, 0.008113750256597996], "val_accuracy": [0.3799999952316284, 0.5099999904632568, 0.5600000023841858, 0.5799999833106995, 0.6600000262260437, 0.6600000262260437, 0.7099999785423279, 0.7599999904632568, 0.7699999809265137, 0.7599999904632568, 0.7699999809265137, 0.7599999904632568, 0.7699999809265137, 0.7699999809265137, 0.7599999904632568, 0.75, 0.75, 0.75, 0.7599999904632568, 0.7599999904632568], "val_loss": [1.0646731853485107, 1.0037751197814941, 0.9146577715873718, 0.8626371622085571, 0.7704220414161682, 0.747633695602417, 0.6890373826026917, 0.7390289306640625, 0.8083177208900452, 0.817768931388855, 0.88825523853302, 1.0017478466033936, 1.0517830848693848, 1.0850366353988647, 1.1802318096160889, 1.2377194166183472, 1.2598717212677002, 1.2920907735824585, 1.3297308683395386, 1.3665623664855957]}