{"accuracy": [0.3959999978542328, 0.4779999852180481, 0.5559999942779541, 0.6000000238418579, 0.6919999718666077, 0.7860000133514404, 0.8640000224113464, 0.9240000247955322, 0.9660000205039978, 0.9819999933242798, 0.9819999933242798, 0.9700000286102295, 0.9940000176429749, 0.9959999918937683, 0.9980000257492065, 0.9980000257492065, 0.9980000257492065, 0.9980000257492065, 0.9980000257492065, 1.0], "loss": [1.083504557609558, 1.0335947275161743, 0.9578589797019958, 0.8908893465995789, 0.7797649502754211, 0.6588513851165771, 0.5240569710731506, 0.3830554187297821, 0.2666977345943451, 0.215145081281662, 0.18952272832393646, 0.19240814447402954, 0.12103504687547684, 0.10213630646467209, 0.07990241050720215, 0.0674627348780632, 0.05250423774123192, 0.04611869901418686, 0.04219711944460869, 0.040111783891916275], "val_accuracy": [0.38999998569488525, 0.5299999713897705, 0.550000011920929, 0.5799999833106995, 0.6600000262260437, 0.6499999761581421, 0.6899999976158142, 0.7300000190734863, 0.75, 0.7799999713897705, 0.7099999785423279, 0.7699999809265137, 0.75, 0.7400000095367432, 0.7300000190734863, 0.7599999904632568, 0.6399999856948853, 0.7599999904632568, 0.7599999904632568, 0.75], "val_loss": [1.0603328943252563, 1.0084145069122314, 0.9494790434837341, 0.898051917552948, 0.8132173418998718, 0.7568357586860657, 0.7092453241348267, 0.6668537855148315, 0.626889705657959, 0.5761038064956665, 0.7739148139953613, 0.7487534880638123, 0.8381211757659912, 0.8988909721374512, 0.8932912945747375, 0.8514488935470581, 1.085536003112793, 0.8828567266464233, 0.8844320774078369, 0.9100503325462341]}