{"accuracy": [0.41600000858306885, 0.47999998927116394, 0.5820000171661377, 0.6600000262260437, 0.7300000190734863, 0.8040000200271606, 0.7940000295639038, 0.8479999899864197, 0.9160000085830688, 0.9520000219345093], "loss": [1.0732563734054565, 1.010079026222229, 0.8842015862464905, 0.7862436771392822, 0.6514286398887634, 0.5281224846839905, 0.4899449646472931, 0.4089832603931427, 0.32702121138572693, 0.27155324816703796], "val_accuracy": [0.4699999988079071, 0.5400000214576721, 0.5699999928474426, 0.6299999952316284, 0.6499999761581421, 0.6000000238418579, 0.6600000262260437, 0.6700000166893005, 0.7099999785423279, 0.7200000286102295], "val_loss": [1.0399930477142334, 0.9607691168785095, 0.8974353075027466, 0.8197181224822998, 0.7614404559135437, 0.9139156937599182, 0.7818153500556946, 0.8390246629714966, 0.8361292481422424, 0.8577517867088318]}