{"accuracy": [0.4560000002384186, 0.5260000228881836, 0.5839999914169312, 0.6539999842643738, 0.7239999771118164], "loss": [1.0629781484603882, 0.9618991613388062, 0.8690232634544373, 0.762217104434967, 0.6640274524688721], "val_accuracy": [0.5299999713897705, 0.5, 0.5600000023841858, 0.6000000238418579, 0.6200000047683716], "val_loss": [1.016268014907837, 0.936493992805481, 0.8912553191184998, 0.8251116275787354, 0.7635849118232727]}