{"accuracy": [0.40400001406669617, 0.4959999918937683, 0.5820000171661377, 0.6539999842643738, 0.7239999771118164, 0.7540000081062317, 0.8799999952316284, 0.9240000247955322, 0.9459999799728394, 0.9700000286102295], "loss": [1.0826433897018433, 1.031627893447876, 0.9214650988578796, 0.7958075404167175, 0.6575195789337158, 0.6469924449920654, 0.43609505891799927, 0.3425251841545105, 0.23410427570343018, 0.14656786620616913], "val_accuracy": [0.6100000143051147, 0.5099999904632568, 0.6000000238418579, 0.6000000238418579, 0.6200000047683716, 0.6499999761581421, 0.6700000166893005, 0.6800000071525574, 0.7200000286102295, 0.7599999904632568], "val_loss": [1.0624984502792358, 1.0016157627105713, 0.9100401401519775, 0.8630115985870361, 0.7982136607170105, 0.7549828886985779, 0.7380115985870361, 0.7232338190078735, 0.6974804401397705, 0.6505982875823975]}