{"accuracy": [0.38999998569488525, 0.49399998784065247, 0.593999981880188, 0.621999979019165, 0.7279999852180481], "loss": [1.0836743116378784, 1.0285159349441528, 0.9109110832214355, 0.817106306552887, 0.6918553709983826], "val_accuracy": [0.5600000023841858, 0.5299999713897705, 0.5600000023841858, 0.5400000214576721, 0.5899999737739563], "val_loss": [1.0637824535369873, 1.001716136932373, 0.9270060658454895, 0.8852899670600891, 0.827751100063324]}