{"accuracy": [0.37400001287460327, 0.5379999876022339, 0.5460000038146973, 0.6299999952316284, 0.699999988079071, 0.8080000281333923, 0.8679999709129333, 0.949999988079071, 0.9160000085830688, 0.6140000224113464, 0.7839999794960022, 0.8859999775886536, 0.9440000057220459, 0.9580000042915344, 0.9860000014305115, 0.9779999852180481, 0.9919999837875366, 0.9959999918937683, 0.9959999918937683, 0.9980000257492065], "loss": [1.0884851217269897, 1.0337114334106445, 0.9397711157798767, 0.8250173330307007, 0.7051299810409546, 0.5333648324012756, 0.40169185400009155, 0.25683626532554626, 0.29980215430259705, 0.9800391793251038, 0.5641074180603027, 0.4050125479698181, 0.28611844778060913, 0.21754413843154907, 0.15795910358428955, 0.1295299530029297, 0.10163764655590057, 0.07115737348794937, 0.05285773426294327, 0.04348196089267731], "val_accuracy": [0.4099999964237213, 0.47999998927116394, 0.5600000023841858, 0.5699999928474426, 0.6100000143051147, 0.6499999761581421, 0.7200000286102295, 0.7300000190734863, 0.3799999952316284, 0.5099999904632568, 0.6100000143051147, 0.6800000071525574, 0.6399999856948853, 0.6700000166893005, 0.6600000262260437, 0.6700000166893005, 0.6800000071525574, 0.6800000071525574, 0.7099999785423279, 0.7099999785423279], "val_loss": [1.0664737224578857, 1.0141180753707886, 0.9340749979019165, 0.888336181640625, 0.8114285469055176, 0.712813138961792, 0.6881164312362671, 0.6680611968040466, 1.895119309425354, 0.9684478640556335, 0.8496854901313782, 0.7905791997909546, 0.7864511609077454, 0.79630446434021, 0.8335925340652466, 0.8028259873390198, 0.8309451341629028, 0.8615634441375732, 0.8911452293395996, 0.9141694903373718]}