{"accuracy": [0.41200000047683716, 0.49000000953674316, 0.5580000281333923, 0.6340000033378601, 0.7379999756813049], "loss": [1.0727227926254272, 0.9667191505432129, 0.8803688883781433, 0.7880380153656006, 0.6513742208480835], "val_accuracy": [0.46000000834465027, 0.5400000214576721, 0.5299999713897705, 0.5600000023841858, 0.6299999952316284], "val_loss": [1.0337727069854736, 0.9467390179634094, 0.986472487449646, 0.8551924228668213, 0.7944474816322327]}