{"accuracy": [0.3540000021457672, 0.3659999966621399, 0.36399999260902405, 0.335999995470047, 0.33799999952316284, 0.36800000071525574, 0.3440000116825104, 0.38999998569488525, 0.39800000190734863, 0.38999998569488525, 0.4099999964237213, 0.35199999809265137, 0.39399999380111694, 0.40400001406669617, 0.4099999964237213, 0.3479999899864197, 0.40400001406669617, 0.39800000190734863, 0.40799999237060547, 0.3479999899864197], "loss": [1.0893747806549072, 1.082801103591919, 1.0803791284561157, 1.0839502811431885, 1.083916187286377, 1.0799366235733032, 1.073591947555542, 1.0829360485076904, 1.0806821584701538, 1.0751630067825317, 1.0749367475509644, 1.0838780403137207, 1.0785678625106812, 1.0798534154891968, 1.0798038244247437, 1.0801814794540405, 1.0823073387145996, 1.0786094665527344, 1.0771414041519165, 1.0882608890533447], "val_accuracy": [0.3799999952316284, 0.3799999952316284, 0.3799999952316284, 0.3799999952316284, 0.3799999952316284, 0.3799999952316284, 0.3799999952316284, 0.3799999952316284, 0.3799999952316284, 0.3799999952316284, 0.3799999952316284, 0.3799999952316284, 0.3799999952316284, 0.3799999952316284, 0.3799999952316284, 0.3799999952316284, 0.3799999952316284, 0.3799999952316284, 0.3799999952316284, 0.3799999952316284], "val_loss": [1.0786076784133911, 1.0779242515563965, 1.077939748764038, 1.078229308128357, 1.078696370124817, 1.078364610671997, 1.0780760049819946, 1.0779993534088135, 1.0780888795852661, 1.0780785083770752, 1.0779802799224854, 1.0778746604919434, 1.0780134201049805, 1.0779790878295898, 1.0779576301574707, 1.0781266689300537, 1.078039526939392, 1.0780125856399536, 1.0779049396514893, 1.0780214071273804]}