{"accuracy": [0.3919999897480011, 0.49799999594688416, 0.578000009059906, 0.628000020980835, 0.7519999742507935, 0.8299999833106995, 0.8920000195503235, 0.9559999704360962, 0.9800000190734863, 0.9940000176429749], "loss": [1.0760936737060547, 0.9685766696929932, 0.8686439394950867, 0.7899583578109741, 0.6367470622062683, 0.47410470247268677, 0.3582267165184021, 0.23462653160095215, 0.11888116598129272, 0.050818488001823425], "val_accuracy": [0.47999998927116394, 0.5400000214576721, 0.550000011920929, 0.5799999833106995, 0.6399999856948853, 0.6499999761581421, 0.6700000166893005, 0.6600000262260437, 0.7400000095367432, 0.7200000286102295], "val_loss": [1.0385806560516357, 0.9639089107513428, 0.9876063466072083, 0.8682385087013245, 0.791740894317627, 0.7856243848800659, 0.7941439151763916, 0.7667832970619202, 0.7481258511543274, 0.8273768424987793]}