{"accuracy": [0.3840000033378601, 0.5460000038146973, 0.5759999752044678, 0.6240000128746033, 0.7059999704360962], "loss": [1.0827871561050415, 1.015589714050293, 0.9272470474243164, 0.8278967142105103, 0.7145888805389404], "val_accuracy": [0.5299999713897705, 0.5, 0.550000011920929, 0.550000011920929, 0.6000000238418579], "val_loss": [1.0616612434387207, 1.0022637844085693, 0.9321085214614868, 0.8874309062957764, 0.8361458778381348]}