{"accuracy": [0.3779999911785126, 0.49399998784065247, 0.5979999899864197, 0.6480000019073486, 0.6919999718666077], "loss": [1.086815595626831, 1.046081304550171, 0.9987670183181763, 0.8876128792762756, 0.745266318321228], "val_accuracy": [0.3799999952316284, 0.6200000047683716, 0.6100000143051147, 0.5899999737739563, 0.6800000071525574], "val_loss": [1.0692596435546875, 1.0447522401809692, 0.9957610964775085, 0.9061497449874878, 0.8144800066947937]}