{"accuracy": [0.3779999911785126, 0.4659999907016754, 0.4819999933242798, 0.628000020980835, 0.7139999866485596, 0.8040000200271606, 0.8999999761581421, 0.8880000114440918, 0.8579999804496765, 0.9419999718666077], "loss": [1.0911542177200317, 1.055525541305542, 1.0204644203186035, 0.9249491691589355, 0.7852746844291687, 0.6278800368309021, 0.46893587708473206, 0.4417891502380371, 0.4047633707523346, 0.313760370016098], "val_accuracy": [0.5, 0.4099999964237213, 0.550000011920929, 0.6299999952316284, 0.6100000143051147, 0.7099999785423279, 0.6700000166893005, 0.5899999737739563, 0.7300000190734863, 0.75], "val_loss": [1.074768304824829, 1.055090069770813, 1.0134954452514648, 0.9328384399414062, 0.8604629635810852, 0.7525888085365295, 0.7362063527107239, 0.8401492834091187, 0.6933950781822205, 0.6539720296859741]}