{"accuracy": [0.3580000102519989, 0.3840000033378601, 0.3700000047683716, 0.3880000114440918, 0.3779999911785126, 0.4099999964237213, 0.38600000739097595, 0.3659999966621399, 0.3919999897480011, 0.4059999883174896, 0.3959999978542328, 0.39800000190734863, 0.36000001430511475, 0.38600000739097595, 0.40400001406669617, 0.40400001406669617, 0.35600000619888306, 0.4000000059604645, 0.38199999928474426, 0.38999998569488525], "loss": [1.0866820812225342, 1.088238000869751, 1.0793811082839966, 1.07777738571167, 1.0823875665664673, 1.077415943145752, 1.0733494758605957, 1.0798113346099854, 1.0748353004455566, 1.0748685598373413, 1.0801398754119873, 1.0734906196594238, 1.081606149673462, 1.0793566703796387, 1.0809558629989624, 1.0794378519058228, 1.0806125402450562, 1.0819810628890991, 1.079062581062317, 1.0763953924179077], "val_accuracy": [0.3799999952316284, 0.3799999952316284, 0.3799999952316284, 0.3799999952316284, 0.3799999952316284, 0.3799999952316284, 0.3799999952316284, 0.3799999952316284, 0.3799999952316284, 0.3799999952316284, 0.3799999952316284, 0.3799999952316284, 0.3799999952316284, 0.3799999952316284, 0.3799999952316284, 0.3799999952316284, 0.3799999952316284, 0.3799999952316284, 0.3799999952316284, 0.3799999952316284], "val_loss": [1.0785610675811768, 1.0784229040145874, 1.0783804655075073, 1.0781381130218506, 1.0779815912246704, 1.0779445171356201, 1.0779876708984375, 1.077885627746582, 1.0779436826705933, 1.0779536962509155, 1.0781819820404053, 1.0788335800170898, 1.0779136419296265, 1.0779463052749634, 1.0780744552612305, 1.0781035423278809, 1.0781906843185425, 1.0780856609344482, 1.0780363082885742, 1.0780630111694336]}