{"accuracy": [0.35199999809265137, 0.3619999885559082, 0.3779999911785126, 0.3799999952316284, 0.37599998712539673, 0.3580000102519989, 0.3619999885559082, 0.41999998688697815, 0.3619999885559082, 0.3700000047683716, 0.3919999897480011, 0.3880000114440918, 0.35600000619888306, 0.36800000071525574, 0.4000000059604645, 0.37400001287460327, 0.40400001406669617, 0.3700000047683716, 0.3840000033378601, 0.3799999952316284], "loss": [1.0881553888320923, 1.0829250812530518, 1.0797022581100464, 1.082768440246582, 1.0802444219589233, 1.0780842304229736, 1.08218514919281, 1.0750932693481445, 1.0805431604385376, 1.078962802886963, 1.0791670083999634, 1.074125051498413, 1.080674648284912, 1.081804633140564, 1.0780234336853027, 1.0814244747161865, 1.076866865158081, 1.0745233297348022, 1.0802329778671265, 1.0775034427642822], "val_accuracy": [0.3799999952316284, 0.3799999952316284, 0.3799999952316284, 0.3799999952316284, 0.3799999952316284, 0.3799999952316284, 0.3799999952316284, 0.3799999952316284, 0.3799999952316284, 0.3799999952316284, 0.3799999952316284, 0.3799999952316284, 0.3799999952316284, 0.3799999952316284, 0.3799999952316284, 0.3799999952316284, 0.3799999952316284, 0.3799999952316284, 0.3799999952316284, 0.3799999952316284], "val_loss": [1.0794142484664917, 1.0779902935028076, 1.078060507774353, 1.078230619430542, 1.0784022808074951, 1.0781227350234985, 1.078099250793457, 1.078032374382019, 1.0780279636383057, 1.0781110525131226, 1.078060269355774, 1.0780383348464966, 1.0778942108154297, 1.0780025720596313, 1.0780280828475952, 1.0780844688415527, 1.0780085325241089, 1.0781043767929077, 1.0779883861541748, 1.0779200792312622]}