{"accuracy": [0.3720000088214874, 0.49000000953674316, 0.5540000200271606, 0.6140000224113464, 0.6959999799728394, 0.7739999890327454, 0.8880000114440918, 0.949999988079071, 0.9480000138282776, 0.9800000190734863], "loss": [1.0824352502822876, 1.0263577699661255, 0.9303683638572693, 0.8329095244407654, 0.7307291030883789, 0.6130543947219849, 0.44297659397125244, 0.269418329000473, 0.20053096115589142, 0.15013736486434937], "val_accuracy": [0.550000011920929, 0.41999998688697815, 0.5199999809265137, 0.5799999833106995, 0.6100000143051147, 0.6399999856948853, 0.699999988079071, 0.7400000095367432, 0.7300000190734863, 0.6800000071525574], "val_loss": [1.0645371675491333, 1.0099782943725586, 0.9560770988464355, 0.8943884968757629, 0.8496435284614563, 0.7848197817802429, 0.7103023529052734, 0.6760671138763428, 0.790561854839325, 0.7269088625907898]}