{"accuracy": [0.3499999940395355, 0.4059999883174896, 0.3919999897480011, 0.37599998712539673, 0.4399999976158142, 0.37599998712539673, 0.36800000071525574, 0.4020000100135803, 0.36399999260902405, 0.3799999952316284], "loss": [1.0900558233261108, 1.0763381719589233, 1.0807629823684692, 1.0779625177383423, 1.0693086385726929, 1.0815916061401367, 1.0833693742752075, 1.0789977312088013, 1.0774192810058594, 1.0786322355270386], "val_accuracy": [0.3799999952316284, 0.3799999952316284, 0.3799999952316284, 0.3799999952316284, 0.3799999952316284, 0.3799999952316284, 0.3799999952316284, 0.3799999952316284, 0.3799999952316284, 0.3799999952316284], "val_loss": [1.0780894756317139, 1.0787626504898071, 1.0786333084106445, 1.0779263973236084, 1.077877163887024, 1.0779310464859009, 1.0778905153274536, 1.077917456626892, 1.0779261589050293, 1.0778820514678955]}