{"accuracy": [0.3619999885559082, 0.3880000114440918, 0.3540000021457672, 0.38999998569488525, 0.34200000762939453], "loss": [1.0888210535049438, 1.0774263143539429, 1.0852081775665283, 1.079416036605835, 1.0837846994400024], "val_accuracy": [0.3799999952316284, 0.3799999952316284, 0.3799999952316284, 0.3799999952316284, 0.3799999952316284], "val_loss": [1.0781614780426025, 1.0787609815597534, 1.077918291091919, 1.0780410766601562, 1.0783616304397583]}