{"accuracy": [0.3720000088214874, 0.42399999499320984, 0.3840000033378601, 0.38999998569488525, 0.3720000088214874, 0.32199999690055847, 0.3799999952316284, 0.36000001430511475, 0.38999998569488525, 0.38199999928474426, 0.3720000088214874, 0.39399999380111694, 0.3779999911785126, 0.3880000114440918, 0.3919999897480011, 0.3799999952316284, 0.3499999940395355, 0.39399999380111694, 0.3540000021457672, 0.42399999499320984], "loss": [1.0907865762710571, 1.0737190246582031, 1.073858618736267, 1.0824469327926636, 1.0843379497528076, 1.0866687297821045, 1.0779266357421875, 1.082621693611145, 1.0749722719192505, 1.0810973644256592, 1.0761703252792358, 1.0783358812332153, 1.0832606554031372, 1.0808827877044678, 1.0791770219802856, 1.0793142318725586, 1.082518219947815, 1.083168864250183, 1.0790215730667114, 1.074876308441162], "val_accuracy": [0.3799999952316284, 0.3799999952316284, 0.3799999952316284, 0.3799999952316284, 0.3799999952316284, 0.3799999952316284, 0.3799999952316284, 0.3799999952316284, 0.3799999952316284, 0.3799999952316284, 0.3799999952316284, 0.3799999952316284, 0.3799999952316284, 0.3799999952316284, 0.3799999952316284, 0.3799999952316284, 0.3799999952316284, 0.3799999952316284, 0.3799999952316284, 0.3799999952316284], "val_loss": [1.0783108472824097, 1.0798234939575195, 1.0780155658721924, 1.0782170295715332, 1.078504204750061, 1.0782486200332642, 1.0782147645950317, 1.0781513452529907, 1.0779690742492676, 1.077988862991333, 1.0780177116394043, 1.078041434288025, 1.0779056549072266, 1.0783501863479614, 1.0783531665802002, 1.0779633522033691, 1.0779449939727783, 1.078170657157898, 1.0781276226043701, 1.077914834022522]}